user_community,mean,median,count
0.0,-0.020265354216098784,0.0,20
1.0,-0.037410016142135294,0.0,884
2.0,-0.02830325956492461,0.0,129
3.0,-0.07890132233137037,0.0,164
4.0,-0.054989820573388075,0.0,82
5.0,-0.16312080195971898,0.0,7
6.0,-0.07918720630307992,0.0,48
7.0,-0.045342801057774086,0.0,92
8.0,0.0,0.0,5
9.0,-0.0188756350427866,0.0,160
10.0,-0.24012531340122223,-0.226509690284729,4
11.0,-0.027396105990117908,0.0,98
12.0,-0.02929446354466187,0.0,353
13.0,-0.06730509571956866,0.0,66
14.0,0.012028059164683025,0.0,150
15.0,-0.3784433901309967,-0.3784433901309967,1
16.0,-0.05418403914161757,0.0,102
17.0,-0.04306432822098335,0.0,288
18.0,-0.03603483392642094,0.0,65
19.0,-0.04091842845082283,0.0,128
20.0,0.0,0.0,1
21.0,-0.46857309341430664,-0.46857309341430664,1
22.0,0.0,0.0,1
23.0,-0.005395666032952944,0.0,389
24.0,-0.03380480311487032,0.0,92
25.0,-0.02760549272638727,0.0,498
26.0,-0.44913217425346375,-0.44913217425346375,2
27.0,-0.055053721227987996,0.0,223
28.0,-0.01634499095380306,0.0,80
29.0,-0.11233515771371978,0.0,56
30.0,0.587819516658783,0.587819516658783,1
31.0,-0.5089386105537415,-0.5089386105537415,1
32.0,0.4798716902732849,0.4798716902732849,1
33.0,-0.02749012800363394,0.0,65
34.0,-0.056487582671414516,0.0,157
35.0,-0.8053497076034546,-0.8053497076034546,1
36.0,-0.034099396861468755,0.0,384
37.0,0.6220231652259827,0.6220231652259827,1
38.0,0.0,0.0,1
39.0,0.4387223422527313,0.4387223422527313,1
40.0,0.0037143940175021137,0.0,270
41.0,-0.31494075059890747,-0.19627681374549866,6
42.0,0.06932861314100378,0.0,34
43.0,0.18787887692451477,0.18787887692451477,2
44.0,-0.4169816275437673,-0.4964399039745331,3
45.0,-0.4938334822654724,-0.4938334822654724,1
46.0,-0.04057085664332414,0.0,119
47.0,0.6622744798660278,0.6622744798660278,1
48.0,-0.0572866211766782,0.0,115
49.0,-0.20926707983016968,0.0,3
50.0,-0.04038404325144974,0.0,199
51.0,0.11949721972147624,0.0,3
52.0,0.0,0.0,1
53.0,-0.1342459718386332,0.0,6
54.0,-0.8712040781974792,-0.8712040781974792,1
55.0,0.0,0.0,10
56.0,0.0,0.0,1
57.0,0.6204767227172852,0.6204767227172852,1
58.0,-0.11184573173522949,0.0,8
59.0,-0.17518536249796549,0.0,3
60.0,0.2916952768961589,0.0,3
61.0,0.3513302206993103,0.3513302206993103,2
62.0,-0.039784352080180094,0.0,104
63.0,0.8401852548122406,0.8401852548122406,2
64.0,0.4188888967037201,0.4188888967037201,1
65.0,-0.003507319334391001,0.0,37
66.0,0.1354412862232753,0.0,7
67.0,-0.15630018711090088,0.0,9
68.0,-0.5188189744949341,-0.5188189744949341,1
69.0,-0.3588991165161133,-0.3588991165161133,2
70.0,-0.44293931126594543,-0.44293931126594543,1
71.0,-0.9230168461799622,-0.9230168461799622,1
72.0,0.4820297658443451,0.4820297658443451,1
73.0,-0.2647103468577067,0.0,3
74.0,0.0,0.0,3
75.0,-0.11915350556373597,0.0,10
76.0,-0.7692691087722778,-0.7692691087722778,1
77.0,-0.008384171546551219,0.0,114
78.0,0.0,0.0,1
79.0,0.0,0.0,2
80.0,-0.8888317942619324,-0.8888317942619324,1
81.0,-0.32468274235725403,-0.32468274235725403,2
82.0,0.4388219952583313,0.6824741363525391,5
83.0,0.15725121895472208,0.0,12
84.0,0.0,0.0,2
85.0,0.37709739804267883,0.37709739804267883,1
86.0,-0.8385090231895447,-0.8385090231895447,1
87.0,0.42686861753463745,0.42686861753463745,1
88.0,0.0,0.0,1
89.0,0.11873330881721095,0.0,19
90.0,-0.03404517471790314,0.0,32
91.0,0.06615458925565083,0.0,6
92.0,-0.545723557472229,-0.545723557472229,1
93.0,-0.9256832003593445,-0.9256832003593445,1
94.0,0.15301991999149323,0.0,8
95.0,-0.0508551938193185,0.0,84
96.0,0.14136511087417603,0.0,6
97.0,-0.565185546875,-0.565185546875,1
98.0,0.0,0.0,5
99.0,-0.6065980792045593,-0.6065980792045593,1
100.0,-0.4037819802761078,-0.4037819802761078,1
101.0,-0.054008506811582126,0.0,13
102.0,-0.3880253732204437,-0.3880253732204437,1
103.0,-0.13436144590377808,0.0,5
104.0,-0.4546348750591278,-0.4546348750591278,1
105.0,-0.05639391604477797,0.0,123
106.0,-0.4141705632209778,-0.4141705632209778,1
107.0,-0.531237006187439,-0.531237006187439,1
108.0,-0.5248649716377258,-0.5248649716377258,1
109.0,-0.6231763958930969,-0.6231763958930969,1
110.0,0.0,0.0,1
111.0,0.3875660300254822,0.3875660300254822,1
112.0,0.0,0.0,5
113.0,0.0,0.0,1
114.0,0.0,0.0,1
115.0,-0.43069595098495483,-0.43069595098495483,2
116.0,0.0,0.0,1
117.0,-0.4850156605243683,-0.4850156605243683,1
118.0,0.4658339321613312,0.4658339321613312,1
119.0,-0.10513893609315576,0.0,71
120.0,0.0,0.0,1
121.0,-0.6545563638210297,-0.6545563638210297,2
122.0,0.0,0.0,1
123.0,-0.8438473343849182,-0.8438473343849182,1
124.0,0.6308305263519287,0.6308305263519287,1
125.0,0.0,0.0,1
126.0,0.0,0.0,1
127.0,-0.4156981905301412,-0.5055601000785828,3
128.0,-0.8374388217926025,-0.8374388217926025,1
129.0,-0.2423435628414154,0.0,5
130.0,-0.7988094687461853,-0.7988094687461853,1
131.0,-0.8970075249671936,-0.8970075249671936,1
132.0,0.11729311943054199,0.0,13
133.0,0.0,0.0,5
134.0,0.27248942852020264,0.27248942852020264,2
135.0,0.0,0.0,1
136.0,0.7057302594184875,0.7057302594184875,1
137.0,-0.1751362383365631,0.0,4
138.0,-0.6466708779335022,-0.6466708779335022,1
139.0,-0.933332622051239,-0.933332622051239,1
140.0,0.43937447667121887,0.43937447667121887,1
141.0,-0.49819865822792053,-0.49819865822792053,1
142.0,-0.12273575862248738,0.0,3
143.0,0.20469750463962555,0.0,4
144.0,-0.39273884892463684,-0.39273884892463684,1
145.0,-0.9342080354690552,-0.9342080354690552,1
146.0,0.0,0.0,9
147.0,0.0,0.0,2
148.0,0.0,0.0,1
149.0,-0.11652427911758423,0.0,4
150.0,-0.6036883592605591,-0.6036883592605591,1
151.0,0.3568306565284729,0.3568306565284729,1
152.0,0.20610715448856354,0.20610715448856354,2
153.0,-0.5990700125694275,-0.5990700125694275,2
154.0,-0.525107741355896,-0.525107741355896,1
155.0,-0.7127257585525513,-0.7127257585525513,1
156.0,0.0,0.0,1
157.0,-0.4910893738269806,-0.4910893738269806,1
158.0,0.4338439106941223,0.4338439106941223,1
159.0,-0.8402550220489502,-0.8402550220489502,1
160.0,-0.19758630792299905,0.0,6
161.0,-0.05949843243548745,0.0,38
162.0,-0.06242554954120091,0.0,28
163.0,-0.29217960437138873,0.0,3
164.0,-0.8329130411148071,-0.8329130411148071,1
165.0,0.12970589903684762,0.0,13
166.0,-0.7429237961769104,-0.7429237961769104,1
167.0,-0.8354889154434204,-0.8354889154434204,1
168.0,-0.4338626563549042,-0.4338626563549042,1
169.0,-0.30080399513244627,0.0,5
170.0,-0.7284817099571228,-0.7284817099571228,1
171.0,0.0,0.0,1
172.0,-0.5343413949012756,-0.5343413949012756,1
173.0,0.12087459365526836,0.0,6
174.0,0.0,0.0,5
175.0,-0.72312992811203,-0.72312992811203,1
176.0,-0.6023677289485931,-0.6023677289485931,2
177.0,-0.8638017773628235,-0.8638017773628235,1
178.0,0.40988749265670776,0.40988749265670776,1
179.0,-0.48911723494529724,-0.48911723494529724,1
180.0,-0.16767876744270324,0.0,5
181.0,0.0,0.0,1
182.0,-0.5621333718299866,-0.5621333718299866,1
183.0,-0.7013322710990906,-0.7013322710990906,1
184.0,-0.8519885540008545,-0.8519885540008545,1
185.0,-0.649957001209259,-0.649957001209259,1
186.0,-0.8512688279151917,-0.8512688279151917,1
187.0,0.0,0.0,1
188.0,0.31090784072875977,0.31090784072875977,2
189.0,0.0,0.0,1
190.0,0.0,0.0,1
191.0,0.0,0.0,1
192.0,0.0,0.0,2
193.0,-0.503592312335968,-0.503592312335968,1
194.0,-0.25878916184107464,0.0,3
195.0,0.0,0.0,1
196.0,-0.4895895719528198,-0.4895895719528198,1
197.0,-0.767480731010437,-0.767480731010437,1
198.0,-0.5460129976272583,-0.5460129976272583,1
199.0,0.17501087486743927,0.17501087486743927,2
200.0,0.0,0.0,1
201.0,-0.4447476267814636,-0.4447476267814636,2
202.0,-0.19180043786764145,0.0,8
203.0,-0.16121052702267966,0.0,3
204.0,0.10569806098937988,0.0,5
205.0,-0.7676761746406555,-0.7676761746406555,1
206.0,-0.4502740800380707,-0.4502740800380707,1
207.0,-0.40215858817100525,-0.40215858817100525,1
208.0,-0.524167537689209,-0.524167537689209,1
209.0,0.0,0.0,1
210.0,0.0,0.0,1
211.0,-0.6331817507743835,-0.6331817507743835,1
212.0,-0.8798247575759888,-0.8798247575759888,1
213.0,0.0,0.0,1
214.0,0.0,0.0,1
215.0,-0.4371515214443207,-0.4371515214443207,2
216.0,0.6082286238670349,0.6082286238670349,1
217.0,-0.45339664816856384,-0.45339664816856384,2
218.0,0.4726024270057678,0.4726024270057678,1
219.0,-0.14735027154286703,0.0,3
220.0,0.041536495089530945,0.0,4
221.0,-0.049044378598531085,0.0,15
222.0,-0.8750118017196655,-0.8750118017196655,1
223.0,-0.9008575677871704,-0.9008575677871704,1
224.0,-0.6933178305625916,-0.6933178305625916,1
225.0,-0.3012852966785431,-0.3012852966785431,2
226.0,-0.3786108195781708,-0.3786108195781708,1
227.0,0.0,0.0,5
228.0,-0.7981040477752686,-0.7981040477752686,1
229.0,0.21821725368499756,0.21821725368499756,2
230.0,-0.17661837736765543,0.0,3
231.0,0.0,0.0,1
232.0,-0.3625789284706116,-0.27805957198143005,4
233.0,0.0,0.0,1
234.0,0.42817363142967224,0.42817363142967224,1
235.0,-0.9051303863525391,-0.9051303863525391,1
236.0,0.0,0.0,1
237.0,-0.16497782866160074,0.0,3
238.0,0.5034147500991821,0.5034147500991821,1
239.0,-0.7656974196434021,-0.7656974196434021,1
240.0,0.0,0.0,4
241.0,-0.5346901416778564,-0.5346901416778564,1
242.0,-0.4309048056602478,-0.4309048056602478,1
243.0,0.0,0.0,1
244.0,0.0,0.0,1
245.0,-0.738434910774231,-0.738434910774231,1
246.0,0.3911932408809662,0.3911932408809662,1
247.0,-0.5544808506965637,-0.5544808506965637,1
248.0,-0.9087643027305603,-0.9087643027305603,1
249.0,-0.2777651349703471,0.0,3
250.0,0.16871376832326254,0.0,3
251.0,0.0,0.0,4
252.0,-0.5797563195228577,-0.5797563195228577,1
253.0,-0.2891058325767517,0.0,3
254.0,-0.21045738458633423,0.0,4
255.0,-0.6210718750953674,-0.6210718750953674,1
256.0,0.0,0.0,1
257.0,-0.3689432442188263,-0.3689432442188263,1
258.0,-0.8832938075065613,-0.8832938075065613,1
259.0,-0.4037819802761078,-0.4037819802761078,1
260.0,-0.24767205119132996,-0.24767205119132996,2
261.0,0.0,0.0,1
262.0,0.372925728559494,0.372925728559494,1
263.0,0.0,0.0,1
264.0,-0.7547484040260315,-0.7547484040260315,1
265.0,0.0,0.0,1
266.0,0.581206738948822,0.581206738948822,1
267.0,0.23190908133983612,0.23190908133983612,2
268.0,0.0,0.0,1
269.0,0.3983498811721802,0.3983498811721802,1
270.0,0.3984166085720062,0.3984166085720062,1
271.0,-0.40324604511260986,-0.40324604511260986,1
272.0,0.42668306827545166,0.42668306827545166,1
273.0,-0.5539971590042114,-0.5539971590042114,1
274.0,-0.41599544882774353,-0.41599544882774353,2
275.0,0.0,0.0,1
276.0,-0.40744566917419434,-0.40744566917419434,2
277.0,0.0,0.0,1
278.0,-0.823526918888092,-0.823526918888092,1
279.0,-0.05569946765899658,0.0,10
280.0,-0.15463101863861084,0.0,4
281.0,0.22997011244297028,0.22997011244297028,2
282.0,0.0,0.0,2
283.0,-0.5353416204452515,-0.5353416204452515,1
284.0,0.6196435689926147,0.6196435689926147,1
285.0,-0.543329656124115,-0.543329656124115,1
286.0,-0.8631080985069275,-0.8631080985069275,1
287.0,-0.1323352030345372,0.0,7
288.0,-0.8682530522346497,-0.8682530522346497,1
289.0,0.01744803786277771,0.0,4
290.0,-0.7769191861152649,-0.7769191861152649,1
291.0,0.0,0.0,1
292.0,-0.7361802458763123,-0.7361802458763123,1
293.0,-0.3896351456642151,-0.3896351456642151,2
294.0,0.0,0.0,1
295.0,0.0,0.0,1
296.0,0.0,0.0,1
297.0,0.0,0.0,1
298.0,0.0,0.0,1
299.0,0.0,0.0,1
300.0,0.0,0.0,1
301.0,0.0,0.0,1
302.0,0.0,0.0,1
303.0,0.0,0.0,1
304.0,0.0,0.0,1
305.0,0.0,0.0,1
306.0,0.0,0.0,4
307.0,0.0,0.0,1
308.0,0.0,0.0,1
309.0,0.0,0.0,3
310.0,0.0,0.0,1
311.0,0.0,0.0,1
312.0,0.0,0.0,2
313.0,0.0,0.0,1
314.0,0.0,0.0,1
315.0,0.0,0.0,1
316.0,0.0,0.0,1
317.0,0.0,0.0,2
318.0,0.0,0.0,3
319.0,0.0,0.0,1
320.0,0.0,0.0,2
321.0,0.0,0.0,2
322.0,0.0,0.0,5
323.0,0.0,0.0,1
324.0,0.0,0.0,1
325.0,0.0,0.0,1
326.0,0.0,0.0,1
327.0,0.0,0.0,5
328.0,0.0,0.0,1
329.0,0.0,0.0,1
330.0,0.0,0.0,1
331.0,0.0,0.0,2
332.0,0.0,0.0,1
333.0,0.0,0.0,1
334.0,0.0,0.0,1
335.0,0.0,0.0,1
336.0,0.0,0.0,4
337.0,0.0,0.0,1
338.0,0.0,0.0,1
339.0,0.0,0.0,1
340.0,0.0,0.0,5
341.0,0.0,0.0,1
342.0,0.0,0.0,1
343.0,0.0,0.0,1
344.0,0.0,0.0,1
345.0,0.0,0.0,1
346.0,0.0,0.0,7
347.0,0.0,0.0,1
348.0,0.0,0.0,1
349.0,0.0,0.0,1
350.0,0.0,0.0,1
351.0,0.0,0.0,1
352.0,0.0,0.0,2
353.0,0.0,0.0,3
354.0,0.0,0.0,1
355.0,0.0,0.0,1
356.0,0.05787440992536999,0.0,21
357.0,0.0,0.0,1
358.0,0.0,0.0,4
359.0,0.0,0.0,1
360.0,0.0,0.0,9
361.0,0.0,0.0,1
362.0,0.0,0.0,1
363.0,0.0,0.0,2
364.0,0.0,0.0,1
365.0,0.0,0.0,5
366.0,0.0,0.0,1
367.0,0.0,0.0,1
368.0,0.0,0.0,1
369.0,0.0,0.0,1
370.0,0.0,0.0,1
371.0,0.0,0.0,2
372.0,0.0,0.0,1
373.0,0.0,0.0,1
374.0,0.0,0.0,1
375.0,0.0,0.0,1
376.0,0.0,0.0,2
377.0,0.0,0.0,1
378.0,0.0,0.0,3
379.0,0.0,0.0,1
380.0,0.0,0.0,1
381.0,0.0,0.0,1
382.0,0.0,0.0,2
383.0,0.0,0.0,2
384.0,0.0,0.0,1
385.0,0.0,0.0,1
386.0,0.0,0.0,1
387.0,0.0,0.0,1
388.0,0.0,0.0,1
389.0,0.0,0.0,1
390.0,0.0,0.0,1
391.0,0.0,0.0,1
392.0,0.0,0.0,1
393.0,0.0,0.0,1
394.0,0.0,0.0,1
395.0,0.0,0.0,1
396.0,0.0,0.0,1
397.0,0.0,0.0,2
398.0,0.0,0.0,1
399.0,0.0,0.0,1
400.0,0.0,0.0,1
401.0,0.0,0.0,3
402.0,0.0,0.0,1
403.0,0.0,0.0,1
404.0,0.0,0.0,1
405.0,0.0,0.0,1
406.0,0.0,0.0,1
407.0,0.0,0.0,1
408.0,0.0,0.0,1
409.0,0.0,0.0,1
410.0,0.0,0.0,5
411.0,0.0,0.0,1
412.0,0.0,0.0,1
413.0,0.0,0.0,1
414.0,0.0,0.0,1
415.0,0.0,0.0,1
416.0,0.0,0.0,1
417.0,0.0,0.0,1
418.0,0.0,0.0,1
419.0,0.0,0.0,4
420.0,0.0,0.0,1
421.0,0.0,0.0,2
422.0,0.0,0.0,2
423.0,0.0,0.0,1
424.0,0.0,0.0,1
425.0,0.0,0.0,2
426.0,0.0,0.0,1
427.0,0.0,0.0,2
428.0,0.0,0.0,1
429.0,0.0,0.0,1
430.0,0.0,0.0,1
431.0,0.0,0.0,4
432.0,0.0,0.0,1
433.0,0.0,0.0,1
434.0,0.0,0.0,1
435.0,0.0,0.0,1
436.0,0.0,0.0,1
437.0,0.0,0.0,1
438.0,0.0,0.0,1
439.0,0.0,0.0,1
440.0,0.0,0.0,4
441.0,0.0,0.0,1
442.0,0.0,0.0,1
443.0,0.0,0.0,1
444.0,0.0,0.0,1
445.0,0.0,0.0,1
446.0,0.0,0.0,1
447.0,0.0,0.0,1
448.0,0.0,0.0,1
449.0,0.0,0.0,4
450.0,0.0,0.0,1
451.0,0.0,0.0,2
452.0,0.0,0.0,2
453.0,0.0,0.0,1
454.0,0.0,0.0,2
455.0,0.0,0.0,1
456.0,0.0,0.0,1
457.0,0.0,0.0,1
458.0,0.0,0.0,1
459.0,0.0,0.0,1
460.0,0.0,0.0,1
461.0,0.0,0.0,1
462.0,0.0,0.0,1
463.0,0.0,0.0,1
464.0,0.0,0.0,1
465.0,0.0,0.0,2
466.0,0.0,0.0,1
467.0,0.0,0.0,3
468.0,0.0,0.0,1
469.0,0.0,0.0,1
470.0,0.0,0.0,2
471.0,0.0,0.0,1
472.0,0.0,0.0,1
473.0,0.0,0.0,3
474.0,0.0,0.0,1
475.0,0.0,0.0,1
476.0,0.0,0.0,1
477.0,0.0,0.0,1
478.0,0.0,0.0,3
479.0,0.0,0.0,1
480.0,0.0,0.0,1
481.0,0.0,0.0,1
482.0,0.0,0.0,3
483.0,0.0,0.0,1
484.0,0.0,0.0,3
485.0,-0.18771670262018839,0.0,3
486.0,0.0,0.0,1
487.0,0.0,0.0,1
488.0,0.0,0.0,3
489.0,0.0,0.0,1
490.0,0.0,0.0,1
491.0,0.0,0.0,1
492.0,0.0,0.0,1
493.0,0.0,0.0,1
494.0,0.0,0.0,2
495.0,0.0,0.0,2
496.0,0.0,0.0,2
497.0,0.0,0.0,2
498.0,0.0,0.0,1
499.0,0.0,0.0,1
500.0,0.0,0.0,1
501.0,0.0,0.0,1
502.0,0.0,0.0,1
503.0,0.0,0.0,1
504.0,0.0,0.0,1
505.0,0.0,0.0,1
506.0,0.0,0.0,1
507.0,0.0,0.0,1
508.0,0.0,0.0,1
509.0,0.0,0.0,1
510.0,0.0,0.0,1
511.0,0.23940862715244293,0.23940862715244293,2
512.0,0.0,0.0,1
513.0,0.0,0.0,1
514.0,0.0,0.0,1
515.0,0.0,0.0,3
516.0,0.0,0.0,1
517.0,0.0,0.0,1
518.0,0.0,0.0,2
519.0,0.0,0.0,1
520.0,0.0,0.0,1
521.0,0.0,0.0,2
522.0,0.0,0.0,1
523.0,0.0,0.0,5
524.0,0.0,0.0,2
525.0,0.0,0.0,1
526.0,0.0,0.0,2
527.0,0.0,0.0,2
528.0,0.0,0.0,1
529.0,-0.10229537636041641,0.0,4
530.0,0.0,0.0,1
531.0,0.0,0.0,1
532.0,0.0,0.0,1
533.0,0.0,0.0,1
534.0,0.0,0.0,1
535.0,0.0,0.0,1
536.0,0.0,0.0,2
537.0,0.0,0.0,1
538.0,0.0,0.0,1
539.0,0.0,0.0,3
540.0,0.0,0.0,1
541.0,0.0,0.0,1
542.0,0.0,0.0,1
543.0,0.0,0.0,1
544.0,0.0,0.0,1
545.0,0.0,0.0,1
546.0,0.0,0.0,1
547.0,0.0,0.0,2
548.0,0.0,0.0,1
549.0,0.0,0.0,1
550.0,0.0,0.0,1
551.0,0.0,0.0,1
552.0,0.0,0.0,1
553.0,0.0,0.0,1
554.0,0.0,0.0,2
555.0,0.0,0.0,1
556.0,0.0,0.0,7
557.0,0.0,0.0,1
558.0,0.0,0.0,1
559.0,0.0,0.0,3
560.0,0.0,0.0,1
561.0,0.0,0.0,2
562.0,0.0,0.0,1
563.0,0.0,0.0,4
564.0,0.0,0.0,1
565.0,0.0,0.0,1
566.0,0.0,0.0,1
567.0,0.0,0.0,1
568.0,0.0,0.0,1
569.0,0.0,0.0,1
570.0,0.0,0.0,1
571.0,0.0,0.0,1
572.0,0.0,0.0,1
573.0,0.0,0.0,5
574.0,0.0,0.0,4
575.0,0.0,0.0,1
576.0,0.0,0.0,1
577.0,0.0,0.0,1
578.0,0.0,0.0,3
579.0,0.0,0.0,1
580.0,0.0,0.0,1
581.0,0.0,0.0,1
582.0,0.0,0.0,2
583.0,0.0,0.0,1
584.0,0.0,0.0,1
585.0,0.0,0.0,1
586.0,0.0,0.0,1
587.0,0.0,0.0,1
588.0,0.0,0.0,2
589.0,0.0,0.0,1
590.0,0.0,0.0,2
591.0,0.0,0.0,1
592.0,0.0,0.0,1
593.0,0.0,0.0,1
594.0,-0.30601199467976886,0.0,3
595.0,0.0,0.0,2
596.0,0.0,0.0,1
597.0,0.0,0.0,1
598.0,0.0,0.0,1
599.0,0.0,0.0,1
600.0,0.0,0.0,1
601.0,0.0,0.0,1
602.0,0.0,0.0,1
603.0,0.0,0.0,1
604.0,0.0,0.0,1
605.0,0.0,0.0,1
606.0,0.0,0.0,1
607.0,0.0,0.0,1
608.0,0.0,0.0,6
609.0,0.0,0.0,11
610.0,0.0,0.0,1
611.0,0.0,0.0,1
612.0,0.0,0.0,4
613.0,0.0,0.0,1
614.0,0.0,0.0,1
615.0,0.0,0.0,1
616.0,0.0,0.0,1
617.0,0.0,0.0,1
618.0,0.0,0.0,1
619.0,0.0,0.0,1
620.0,0.0,0.0,3
621.0,0.0,0.0,1
622.0,0.0,0.0,2
623.0,0.0,0.0,1
624.0,0.0,0.0,1
625.0,0.0,0.0,1
626.0,0.0,0.0,1
627.0,0.0,0.0,1
628.0,0.0,0.0,1
629.0,0.0,0.0,1
630.0,0.0,0.0,1
631.0,0.0,0.0,1
632.0,0.0,0.0,1
633.0,0.0,0.0,1
634.0,0.0,0.0,1
635.0,0.0,0.0,1
636.0,0.0,0.0,1
637.0,0.0,0.0,2
638.0,0.0,0.0,1
639.0,0.0,0.0,1
640.0,0.0,0.0,1
641.0,0.0,0.0,1
642.0,0.0,0.0,1
643.0,0.0,0.0,1
644.0,0.0,0.0,2
645.0,0.0,0.0,2
646.0,0.0,0.0,2
647.0,0.0,0.0,1
648.0,0.0,0.0,1
649.0,0.0,0.0,1
650.0,0.0,0.0,1
651.0,0.0,0.0,1
652.0,0.0,0.0,1
653.0,0.0,0.0,1
654.0,0.0,0.0,1
655.0,0.0,0.0,1
656.0,0.0,0.0,2
657.0,0.0,0.0,2
658.0,0.0,0.0,1
659.0,0.0,0.0,3
660.0,0.0,0.0,1
661.0,0.0,0.0,1
662.0,0.0,0.0,1
663.0,0.0,0.0,1
664.0,0.0,0.0,2
665.0,0.0,0.0,1
666.0,0.0,0.0,2
667.0,0.0,0.0,1
668.0,0.0,0.0,1
669.0,0.0,0.0,1
670.0,0.0,0.0,1
671.0,0.0,0.0,1
672.0,0.0,0.0,1
673.0,0.0,0.0,1
674.0,0.0,0.0,2
675.0,0.0,0.0,1
676.0,0.0,0.0,1
677.0,0.0,0.0,2
678.0,0.0,0.0,1
679.0,0.0,0.0,1
680.0,0.0,0.0,1
681.0,0.0,0.0,2
682.0,0.0,0.0,1
683.0,0.0,0.0,1
684.0,0.0,0.0,1
685.0,0.0,0.0,1
686.0,0.0,0.0,1
687.0,0.0,0.0,2
688.0,0.0,0.0,1
689.0,0.0,0.0,1
690.0,0.0,0.0,1
691.0,0.0,0.0,1
692.0,0.0,0.0,1
693.0,0.0,0.0,1
694.0,0.0,0.0,1
695.0,0.0,0.0,1
696.0,0.0,0.0,1
697.0,0.0,0.0,1
698.0,0.0,0.0,1
699.0,0.0,0.0,1
700.0,0.0,0.0,1
701.0,0.0,0.0,1
702.0,0.0,0.0,1
703.0,0.0,0.0,1
704.0,0.0,0.0,1
705.0,0.0,0.0,1
706.0,0.0,0.0,1
707.0,0.0,0.0,2
708.0,0.0,0.0,1
709.0,0.0,0.0,2
710.0,0.0,0.0,1
711.0,0.0,0.0,1
712.0,0.0,0.0,1
713.0,0.0,0.0,1
714.0,0.0,0.0,2
715.0,0.0,0.0,1
716.0,0.0,0.0,1
717.0,0.0,0.0,1
718.0,0.0,0.0,1
719.0,0.0,0.0,1
720.0,0.0,0.0,1
721.0,0.0,0.0,1
722.0,0.0,0.0,1
723.0,0.0,0.0,1
724.0,0.0,0.0,1
725.0,0.0,0.0,1
726.0,0.0,0.0,1
727.0,0.0,0.0,1
728.0,0.0,0.0,1
729.0,0.0,0.0,1
730.0,0.0,0.0,1
731.0,0.0,0.0,1
732.0,0.0,0.0,1
733.0,0.0,0.0,1
734.0,0.0,0.0,1
735.0,0.0,0.0,1
736.0,0.0,0.0,3
737.0,0.0,0.0,1
738.0,0.0,0.0,1
739.0,0.0,0.0,1
740.0,0.0,0.0,1
741.0,0.0,0.0,1
742.0,0.0,0.0,1
743.0,0.0,0.0,1
744.0,0.0,0.0,2
745.0,0.1454818844795227,0.0,4
746.0,0.0,0.0,1
747.0,0.0,0.0,1
748.0,0.0,0.0,2
749.0,0.0,0.0,1
750.0,0.0,0.0,1
751.0,0.0,0.0,1
752.0,0.0,0.0,1
753.0,0.0,0.0,1
754.0,0.0,0.0,1
755.0,0.0,0.0,1
756.0,0.0,0.0,1
757.0,0.0,0.0,1
758.0,0.0,0.0,1
759.0,0.0,0.0,2
760.0,0.0,0.0,2
761.0,0.0,0.0,2
762.0,0.0,0.0,1
763.0,0.0,0.0,1
764.0,0.0,0.0,1
765.0,0.0,0.0,1
766.0,0.0,0.0,1
767.0,0.0,0.0,1
768.0,0.0,0.0,1
769.0,0.0,0.0,1
770.0,0.0,0.0,1
771.0,0.0,0.0,1
772.0,0.0,0.0,1
773.0,0.0,0.0,1
774.0,0.0,0.0,1
775.0,0.0,0.0,1
776.0,0.0,0.0,1
777.0,0.0,0.0,1
778.0,0.0,0.0,1
779.0,0.0,0.0,2
780.0,0.0,0.0,1
781.0,0.0,0.0,1
782.0,0.0,0.0,1
783.0,0.0,0.0,1
784.0,0.0,0.0,1
785.0,0.0,0.0,1
786.0,0.0,0.0,2
787.0,0.0,0.0,1
788.0,0.0,0.0,1
789.0,0.0,0.0,1
790.0,0.0,0.0,1
791.0,0.0,0.0,1
792.0,0.0,0.0,1
793.0,0.0,0.0,1
794.0,0.0,0.0,1
795.0,0.0,0.0,1
796.0,0.0,0.0,1
797.0,0.0,0.0,1
798.0,0.0,0.0,1
799.0,0.0,0.0,1
800.0,0.0,0.0,1
801.0,0.0,0.0,1
802.0,0.0,0.0,1
803.0,0.0,0.0,1
804.0,0.0,0.0,1
805.0,0.0,0.0,1
806.0,0.0,0.0,1
807.0,0.16765151421229044,0.0,3
808.0,0.0,0.0,1
809.0,0.0,0.0,1
810.0,0.0,0.0,2
811.0,0.0,0.0,1
812.0,0.0,0.0,1
813.0,0.0,0.0,1
814.0,0.0,0.0,1
815.0,0.0,0.0,1
816.0,0.0,0.0,1
817.0,0.0,0.0,2
818.0,0.0,0.0,1
819.0,0.0,0.0,1
820.0,0.0,0.0,1
821.0,0.0,0.0,1
822.0,0.0,0.0,1
823.0,0.0,0.0,1
824.0,0.0,0.0,1
825.0,0.0,0.0,1
826.0,0.0,0.0,1
827.0,0.0,0.0,1
828.0,0.0,0.0,1
829.0,0.0,0.0,1
830.0,0.0,0.0,1
831.0,0.0,0.0,1
832.0,0.0,0.0,1
833.0,0.0,0.0,1
834.0,0.0,0.0,1
835.0,0.0,0.0,1
836.0,0.0,0.0,1
837.0,0.0,0.0,1
838.0,0.0,0.0,1
839.0,0.0,0.0,1
840.0,0.0,0.0,3
841.0,0.0,0.0,1
842.0,0.0,0.0,4
843.0,0.0,0.0,1
844.0,0.0,0.0,1
845.0,0.0,0.0,1
846.0,0.0,0.0,1
847.0,0.0,0.0,1
848.0,0.0,0.0,1
849.0,0.0,0.0,2
850.0,0.0,0.0,1
851.0,0.0,0.0,1
852.0,0.0,0.0,1
853.0,0.0,0.0,1
854.0,0.0,0.0,1
855.0,0.0,0.0,1
856.0,0.0,0.0,3
857.0,0.0,0.0,1
858.0,0.0,0.0,1
859.0,0.0,0.0,2
860.0,0.0,0.0,1
861.0,0.0,0.0,1
862.0,0.0,0.0,1
863.0,0.0,0.0,2
864.0,0.0,0.0,4
865.0,0.0,0.0,1
866.0,0.0,0.0,1
867.0,0.0,0.0,1
868.0,0.0,0.0,1
869.0,0.0,0.0,1
870.0,0.0,0.0,3
871.0,0.0,0.0,1
872.0,0.0,0.0,2
873.0,0.0,0.0,6
874.0,0.0,0.0,2
875.0,0.0,0.0,1
876.0,0.0,0.0,1
877.0,0.0,0.0,1
878.0,0.0,0.0,1
879.0,0.0,0.0,1
880.0,0.0,0.0,1
881.0,0.0,0.0,1
882.0,0.0,0.0,2
883.0,0.0,0.0,1
884.0,0.0,0.0,1
885.0,0.0,0.0,1
886.0,0.0,0.0,1
887.0,0.0,0.0,1
888.0,0.0,0.0,1
889.0,0.0,0.0,2
890.0,0.0,0.0,2
891.0,0.0,0.0,1
892.0,0.0,0.0,1
893.0,0.0,0.0,1
894.0,0.0,0.0,2
895.0,0.0,0.0,2
896.0,0.0,0.0,1
897.0,0.0,0.0,1
898.0,0.0,0.0,1
899.0,0.0,0.0,1
900.0,0.0,0.0,1
901.0,0.0,0.0,2
902.0,0.0,0.0,1
903.0,0.0,0.0,1
904.0,0.0,0.0,1
905.0,0.0,0.0,1
906.0,0.0,0.0,2
907.0,0.0,0.0,1
908.0,0.0,0.0,1
909.0,0.0,0.0,1
910.0,0.0,0.0,1
911.0,0.0,0.0,2
912.0,0.0,0.0,1
913.0,0.0,0.0,1
914.0,0.0,0.0,1
915.0,0.0,0.0,2
916.0,0.0,0.0,1
917.0,0.0,0.0,1
918.0,0.0,0.0,1
919.0,0.0,0.0,1
920.0,0.0,0.0,1
921.0,0.0,0.0,1
922.0,0.0,0.0,1
923.0,0.0,0.0,1
924.0,0.0,0.0,1
925.0,0.0,0.0,1
926.0,0.0,0.0,1
927.0,0.0,0.0,1
928.0,0.0,0.0,1
929.0,0.0,0.0,1
930.0,0.0,0.0,5
931.0,0.0,0.0,1
932.0,0.0,0.0,1
933.0,0.0,0.0,1
934.0,0.0,0.0,1
935.0,0.0,0.0,1
936.0,0.0,0.0,1
937.0,0.0,0.0,2
938.0,0.0,0.0,1
939.0,0.0,0.0,1
940.0,0.0,0.0,1
941.0,0.0,0.0,1
942.0,0.0,0.0,2
943.0,0.0,0.0,2
944.0,0.0,0.0,1
945.0,0.0,0.0,1
946.0,0.0,0.0,1
947.0,0.1496139094233513,0.0,8
948.0,0.0,0.0,1
949.0,0.0,0.0,1
950.0,0.0,0.0,1
951.0,0.0,0.0,1
952.0,0.0,0.0,1
953.0,0.0,0.0,4
954.0,0.0,0.0,1
955.0,0.0,0.0,1
956.0,0.0,0.0,4
957.0,0.0,0.0,1
958.0,0.0,0.0,1
959.0,0.0,0.0,1
960.0,0.0,0.0,1
961.0,0.0,0.0,1
962.0,0.0,0.0,1
963.0,0.0,0.0,1
964.0,0.0,0.0,1
965.0,0.0,0.0,1
966.0,0.0,0.0,1
967.0,0.0,0.0,1
968.0,0.0,0.0,1
969.0,0.0,0.0,1
970.0,0.0,0.0,1
971.0,0.0,0.0,1
972.0,0.0,0.0,1
973.0,0.0,0.0,1
974.0,0.0,0.0,1
975.0,0.0,0.0,1
976.0,0.0,0.0,1
977.0,0.0,0.0,1
978.0,0.0,0.0,1
979.0,0.0,0.0,1
980.0,0.0,0.0,1
981.0,0.0,0.0,1
982.0,0.0,0.0,2
983.0,0.0,0.0,1
984.0,0.0,0.0,1
985.0,0.0,0.0,1
986.0,0.0,0.0,1
987.0,0.0,0.0,1
988.0,0.0,0.0,1
989.0,0.0,0.0,1
990.0,0.0,0.0,1
991.0,0.0,0.0,1
992.0,0.0,0.0,1
993.0,0.0,0.0,1
994.0,0.0,0.0,1
995.0,0.0,0.0,2
996.0,0.0,0.0,2
997.0,0.0,0.0,1
998.0,0.0,0.0,1
999.0,0.0,0.0,1
1000.0,0.0,0.0,1
1001.0,0.0,0.0,2
1002.0,0.0,0.0,1
1003.0,0.0,0.0,1
1004.0,0.0,0.0,1
1005.0,0.0,0.0,1
1006.0,0.0,0.0,1
1007.0,0.0,0.0,1
1008.0,0.0,0.0,1
1009.0,0.0,0.0,1
1010.0,0.0,0.0,1
1011.0,0.0,0.0,2
1012.0,0.0,0.0,1
1013.0,0.0,0.0,1
1014.0,0.0,0.0,1
1015.0,0.0,0.0,1
1016.0,0.0,0.0,2
1017.0,0.0,0.0,1
1018.0,0.0,0.0,1
1019.0,0.0,0.0,1
1020.0,0.0,0.0,3
1021.0,0.0,0.0,1
1022.0,0.0,0.0,2
1023.0,0.0,0.0,2
1024.0,0.0,0.0,1
1025.0,0.0,0.0,1
1026.0,0.0,0.0,1
1027.0,0.0,0.0,1
1028.0,0.0,0.0,1
1029.0,0.0,0.0,3
1030.0,0.0,0.0,2
1031.0,0.0,0.0,1
1032.0,0.0,0.0,1
1033.0,0.0,0.0,2
1034.0,0.0,0.0,1
1035.0,0.0,0.0,1
1036.0,0.0,0.0,1
1037.0,0.0,0.0,1
1038.0,0.0,0.0,1
1039.0,0.0,0.0,1
1040.0,0.0,0.0,1
1041.0,0.0,0.0,1
1042.0,0.0,0.0,1
1043.0,0.0,0.0,1
1044.0,0.0,0.0,2
1045.0,0.0,0.0,1
1046.0,0.0,0.0,1
1047.0,0.0,0.0,1
1048.0,0.0,0.0,1
1049.0,0.0,0.0,2
1050.0,0.0,0.0,1
1051.0,0.0,0.0,1
1052.0,0.0,0.0,1
1053.0,0.0,0.0,1
1054.0,0.0,0.0,2
1055.0,0.0,0.0,1
1056.0,0.0,0.0,1
1057.0,0.0,0.0,1
1058.0,0.0,0.0,1
1059.0,0.0,0.0,1
1060.0,0.0,0.0,1
1061.0,0.0,0.0,3
1062.0,0.0,0.0,1
1063.0,0.0,0.0,1
1064.0,0.0,0.0,3
1065.0,0.0,0.0,1
1066.0,0.0,0.0,1
1067.0,0.0,0.0,1
1068.0,0.0,0.0,1
1069.0,0.0,0.0,1
1070.0,0.0,0.0,1
1071.0,0.0,0.0,1
1072.0,0.0,0.0,1
1073.0,0.0,0.0,3
1074.0,0.0,0.0,1
1075.0,0.0,0.0,1
1076.0,0.0,0.0,1
1077.0,0.0,0.0,1
1078.0,0.0,0.0,1
1079.0,0.0,0.0,1
1080.0,0.0,0.0,1
1081.0,0.0,0.0,1
1082.0,0.0,0.0,1
1083.0,0.0,0.0,1
1084.0,0.0,0.0,1
1085.0,0.0,0.0,1
1086.0,0.0,0.0,2
1087.0,0.0,0.0,3
1088.0,0.0,0.0,2
1089.0,0.0,0.0,1
1090.0,0.0,0.0,1
1091.0,0.0,0.0,1
1092.0,0.0,0.0,1
1093.0,0.0,0.0,1
1094.0,0.0,0.0,1
1095.0,0.0,0.0,1
1096.0,0.0,0.0,1
1097.0,0.0,0.0,1
1098.0,0.0,0.0,1
1099.0,0.0,0.0,1
1100.0,0.0,0.0,1
1101.0,0.0,0.0,1
1102.0,0.0,0.0,2
1103.0,0.0,0.0,1
1104.0,0.0,0.0,1
1105.0,0.0,0.0,1
1106.0,0.0,0.0,1
1107.0,0.0,0.0,1
1108.0,0.0,0.0,1
1109.0,0.0,0.0,1
1110.0,0.0,0.0,1
1111.0,0.0,0.0,2
1112.0,0.0,0.0,1
1113.0,0.0,0.0,1
1114.0,0.0,0.0,2
1115.0,0.0,0.0,1
1116.0,0.0,0.0,1
1117.0,0.0,0.0,2
1118.0,0.0,0.0,1
1119.0,0.0,0.0,1
1120.0,0.0,0.0,1
1121.0,0.0,0.0,3
1122.0,0.0,0.0,1
1123.0,0.0,0.0,1
1124.0,0.0,0.0,1
1125.0,0.21912623941898346,0.21912623941898346,2
1126.0,0.0,0.0,1
1127.0,0.0,0.0,1
1128.0,0.0,0.0,1
1129.0,0.0,0.0,1
1130.0,0.0,0.0,1
1131.0,0.0,0.0,1
1132.0,0.0,0.0,1
1133.0,0.0,0.0,1
1134.0,0.0,0.0,1
1135.0,0.0,0.0,1
1136.0,0.0,0.0,1
1137.0,0.0,0.0,1
1138.0,0.0,0.0,1
1139.0,0.0,0.0,1
1140.0,0.0,0.0,1
1141.0,0.0,0.0,1
1142.0,0.0,0.0,1
1143.0,0.0,0.0,1
1144.0,0.0,0.0,1
1145.0,0.0,0.0,2
1146.0,0.0,0.0,1
1147.0,0.0,0.0,1
1148.0,0.0,0.0,1
1149.0,0.0,0.0,1
1150.0,0.0,0.0,1
1151.0,0.0,0.0,1
1152.0,0.0,0.0,1
1153.0,0.0,0.0,1
1154.0,0.0,0.0,1
1155.0,0.0,0.0,1
1156.0,0.0,0.0,1
1157.0,0.0,0.0,1
1158.0,0.0,0.0,2
1159.0,0.0,0.0,1
1160.0,0.0,0.0,1
1161.0,0.0,0.0,2
1162.0,-0.2498466968536377,-0.2498466968536377,2
1163.0,0.0,0.0,1
1164.0,0.0,0.0,1
1165.0,0.0,0.0,3
1166.0,0.0,0.0,1
1167.0,0.0,0.0,1
1168.0,0.0,0.0,1
1169.0,0.0,0.0,1
1170.0,0.0,0.0,1
1171.0,0.0,0.0,1
1172.0,0.0,0.0,1
1173.0,0.0,0.0,1
1174.0,0.0,0.0,1
1175.0,0.0,0.0,1
1176.0,0.0,0.0,1
1177.0,0.0,0.0,1
1178.0,0.0,0.0,1
1179.0,0.0,0.0,1
1180.0,0.0,0.0,2
1181.0,0.0,0.0,1
1182.0,0.0,0.0,1
1183.0,0.0,0.0,2
1184.0,0.0,0.0,1
1185.0,0.0,0.0,1
1186.0,0.0,0.0,1
1187.0,0.0,0.0,1
1188.0,0.0,0.0,1
1189.0,0.0,0.0,1
1190.0,0.0,0.0,2
1191.0,0.0,0.0,2
1192.0,0.0,0.0,1
1193.0,0.0,0.0,1
1194.0,0.0,0.0,1
1195.0,0.0,0.0,1
1196.0,0.0,0.0,1
1197.0,0.0,0.0,1
1198.0,0.0,0.0,1
1199.0,0.0,0.0,1
1200.0,0.0,0.0,1
1201.0,0.0,0.0,1
1202.0,0.0,0.0,2
1203.0,0.0,0.0,1
1204.0,0.0,0.0,1
1205.0,0.0,0.0,1
1206.0,0.0,0.0,1
1207.0,0.0,0.0,1
1208.0,0.0,0.0,1
1209.0,0.0,0.0,1
1210.0,0.0,0.0,1
1211.0,0.0,0.0,1
1212.0,0.0,0.0,1
1213.0,0.0,0.0,1
1214.0,0.0,0.0,1
1215.0,0.0,0.0,1
1216.0,0.0,0.0,1
1217.0,0.0,0.0,1
1218.0,0.0,0.0,1
1219.0,0.0,0.0,1
1220.0,0.0,0.0,1
1221.0,0.0,0.0,1
1222.0,0.0,0.0,1
1223.0,0.0,0.0,2
1224.0,0.0,0.0,1
1225.0,0.0,0.0,1
1226.0,0.0,0.0,1
1227.0,0.0,0.0,1
1228.0,0.0,0.0,1
1229.0,0.0,0.0,1
1230.0,0.0,0.0,1
1231.0,0.0,0.0,1
1232.0,0.0,0.0,3
1233.0,0.0,0.0,2
1234.0,0.0,0.0,1
1235.0,0.0,0.0,1
1236.0,0.0,0.0,1
1237.0,0.0,0.0,1
1238.0,0.0,0.0,1
1239.0,0.0,0.0,1
1240.0,0.0,0.0,1
1241.0,0.0,0.0,1
1242.0,0.0,0.0,1
1243.0,0.0,0.0,1
1244.0,0.0,0.0,1
1245.0,0.0,0.0,1
1246.0,0.0,0.0,1
1247.0,0.0,0.0,1
1248.0,0.0,0.0,2
1249.0,0.0,0.0,1
1250.0,0.0,0.0,1
1251.0,0.0,0.0,1
1252.0,0.0,0.0,1
1253.0,0.0,0.0,1
1254.0,0.0,0.0,1
1255.0,0.0,0.0,1
1256.0,0.0,0.0,1
1257.0,0.0,0.0,1
1258.0,0.0,0.0,1
1259.0,0.0,0.0,1
1260.0,0.0,0.0,1
1261.0,0.0,0.0,1
1262.0,0.0,0.0,1
1263.0,0.0,0.0,1
1264.0,0.0,0.0,1
1265.0,0.0,0.0,1
1266.0,0.0,0.0,1
1267.0,0.0,0.0,1
1268.0,0.0,0.0,1
1269.0,0.0,0.0,1
1270.0,0.0,0.0,1
1271.0,0.0,0.0,1
1272.0,0.0,0.0,1
1273.0,0.0,0.0,1
1274.0,0.0,0.0,1
1275.0,0.0,0.0,1
1276.0,0.0,0.0,1
1277.0,0.0,0.0,1
1278.0,0.0,0.0,1
1279.0,0.0,0.0,1
1280.0,0.0,0.0,8
1281.0,0.0,0.0,2
1282.0,0.0,0.0,1
1283.0,0.0,0.0,1
1284.0,0.0,0.0,1
1285.0,0.0,0.0,1
1286.0,0.0,0.0,1
1287.0,0.0,0.0,1
1288.0,0.0,0.0,1
1289.0,0.0,0.0,1
1290.0,0.0,0.0,1
1291.0,0.0,0.0,1
1292.0,0.0,0.0,2
1293.0,0.0,0.0,1
1294.0,0.0,0.0,1
1295.0,0.0,0.0,1
1296.0,0.0,0.0,1
1297.0,0.0,0.0,1
1298.0,0.0,0.0,1
1299.0,0.0,0.0,1
1300.0,0.0,0.0,1
1301.0,0.0,0.0,1
1302.0,0.0,0.0,1
1303.0,0.0,0.0,1
1304.0,0.0,0.0,1
1305.0,0.0,0.0,1
1306.0,0.0,0.0,2
1307.0,0.0,0.0,1
1308.0,0.0,0.0,1
1309.0,0.0,0.0,1
1310.0,0.0,0.0,1
1311.0,0.0,0.0,1
1312.0,0.0,0.0,1
1313.0,0.0,0.0,1
1314.0,0.0,0.0,1
1315.0,0.0,0.0,1
1316.0,0.0,0.0,1
1317.0,0.0,0.0,2
1318.0,0.0,0.0,2
1319.0,0.0,0.0,1
1320.0,0.0,0.0,1
1321.0,0.0,0.0,1
1322.0,0.0,0.0,1
1323.0,0.0,0.0,1
1324.0,0.0,0.0,1
1325.0,0.0,0.0,1
1326.0,0.0,0.0,1
1327.0,0.0,0.0,1
1328.0,0.0,0.0,1
1329.0,0.0,0.0,1
1330.0,0.0,0.0,1
1331.0,0.0,0.0,1
1332.0,0.0,0.0,1
1333.0,0.0,0.0,1
1334.0,0.0,0.0,1
1335.0,0.0,0.0,1
1336.0,0.0,0.0,1
1337.0,0.0,0.0,1
1338.0,0.0,0.0,1
1339.0,0.0,0.0,1
1340.0,0.0,0.0,1
1341.0,0.0,0.0,1
1342.0,0.0,0.0,1
1343.0,0.0,0.0,1
1344.0,0.0,0.0,1
1345.0,0.0,0.0,2
1346.0,0.0,0.0,1
1347.0,0.0,0.0,1
1348.0,0.0,0.0,1
1349.0,0.0,0.0,1
1350.0,0.0,0.0,1
1351.0,0.0,0.0,1
1352.0,0.0,0.0,1
1353.0,0.0,0.0,1
1354.0,0.0,0.0,1
1355.0,0.0,0.0,1
1356.0,0.0,0.0,1
1357.0,0.0,0.0,1
1358.0,0.0,0.0,1
1359.0,0.0,0.0,1
1360.0,0.0,0.0,1
1361.0,0.0,0.0,1
1362.0,0.0,0.0,1
1363.0,0.0,0.0,1
1364.0,0.0,0.0,1
1365.0,0.0,0.0,1
1366.0,0.0,0.0,1
1367.0,0.0,0.0,1
1368.0,0.0,0.0,1
1369.0,0.0,0.0,1
1370.0,0.0,0.0,1
1371.0,0.0,0.0,1
1372.0,0.0,0.0,1
1373.0,0.0,0.0,1
1374.0,0.0,0.0,1
1375.0,0.0,0.0,1
1376.0,0.0,0.0,1
1377.0,0.0,0.0,1
1378.0,0.0,0.0,1
1379.0,0.0,0.0,1
1380.0,0.0,0.0,1
1381.0,0.0,0.0,1
1382.0,0.0,0.0,1
1383.0,0.0,0.0,1
1384.0,0.0,0.0,1
1385.0,0.0,0.0,2
1386.0,0.0,0.0,1
1387.0,0.0,0.0,1
1388.0,0.0,0.0,1
1389.0,0.0,0.0,1
1390.0,0.0,0.0,1
1391.0,0.0,0.0,1
1392.0,0.0,0.0,1
1393.0,0.0,0.0,1
1394.0,0.0,0.0,1
1395.0,0.0,0.0,1
1396.0,0.0,0.0,1
1397.0,0.0,0.0,1
1398.0,0.0,0.0,2
1399.0,0.0,0.0,1
1400.0,0.0,0.0,1
1401.0,0.0,0.0,1
1402.0,0.0,0.0,1
1403.0,0.0,0.0,1
1404.0,0.0,0.0,1
1405.0,0.0,0.0,1
1406.0,0.0,0.0,1
1407.0,0.0,0.0,1
1408.0,0.0,0.0,1
1409.0,0.0,0.0,1
1410.0,0.0,0.0,1
1411.0,0.0,0.0,1
1412.0,0.0,0.0,1
1413.0,0.0,0.0,1
1414.0,0.0,0.0,1
1415.0,0.0,0.0,1
1416.0,0.0,0.0,1
1417.0,0.0,0.0,1
1418.0,0.0,0.0,2
1419.0,0.0,0.0,1
1420.0,0.0,0.0,1
1421.0,0.0,0.0,1
1422.0,0.0,0.0,1
1423.0,0.0,0.0,1
1424.0,0.0,0.0,1
1425.0,0.0,0.0,1
1426.0,0.0,0.0,1
1427.0,0.0,0.0,1
1428.0,0.0,0.0,1
1429.0,0.0,0.0,1
1430.0,0.0,0.0,1
1431.0,0.0,0.0,1
1432.0,0.0,0.0,1
1433.0,0.0,0.0,1
1434.0,0.0,0.0,1
1435.0,0.0,0.0,1
1436.0,0.0,0.0,1
1437.0,0.0,0.0,1
1438.0,0.0,0.0,1
1439.0,0.0,0.0,2
1440.0,0.0,0.0,1
1441.0,0.0,0.0,1
1442.0,0.0,0.0,2
1443.0,0.0,0.0,1
1444.0,0.0,0.0,1
1445.0,0.0,0.0,1
1446.0,0.0,0.0,1
1447.0,0.0,0.0,1
1448.0,0.0,0.0,1
1449.0,0.0,0.0,1
1450.0,0.0,0.0,1
1451.0,0.0,0.0,1
1452.0,0.0,0.0,1
1453.0,0.0,0.0,1
1454.0,0.0,0.0,1
1455.0,0.0,0.0,1
1456.0,0.0,0.0,1
1457.0,0.0,0.0,1
1458.0,0.0,0.0,1
1459.0,0.0,0.0,1
1460.0,0.0,0.0,1
1461.0,0.0,0.0,1
1462.0,0.0,0.0,1
1463.0,0.0,0.0,1
1464.0,0.0,0.0,1
1465.0,0.343433678150177,0.343433678150177,2
1466.0,0.0,0.0,1
1467.0,0.0,0.0,3
1468.0,0.0,0.0,1
1469.0,0.0,0.0,1
1470.0,0.0,0.0,1
1471.0,0.0,0.0,1
1472.0,0.0,0.0,1
1473.0,0.0,0.0,1
1474.0,0.0,0.0,1
1475.0,-0.24280525743961334,-0.24280525743961334,2
1476.0,0.0,0.0,1
1477.0,0.0,0.0,1
1478.0,0.0,0.0,1
1479.0,0.0,0.0,1
1480.0,0.0,0.0,1
1481.0,0.0,0.0,1
1482.0,0.0,0.0,1
1483.0,0.0,0.0,1
1484.0,0.0,0.0,1
1485.0,0.0,0.0,1
1486.0,0.0,0.0,1
1487.0,0.0,0.0,1
1488.0,0.0,0.0,1
1489.0,0.0,0.0,1
1490.0,0.0,0.0,1
1491.0,0.0,0.0,1
1492.0,0.0,0.0,1
1493.0,0.0,0.0,1
1494.0,0.0,0.0,1
1495.0,0.0,0.0,1
1496.0,0.0,0.0,1
1497.0,0.0,0.0,1
1498.0,0.0,0.0,1
1499.0,0.0,0.0,1
1500.0,0.0,0.0,1
1501.0,0.0,0.0,1
1502.0,0.0,0.0,1
1503.0,0.0,0.0,1
1504.0,0.0,0.0,1
1505.0,-0.0494952870381845,0.0,37
1506.0,0.0,0.0,1
1507.0,0.0,0.0,1
1508.0,0.0,0.0,1
1509.0,0.0,0.0,1
1510.0,0.0,0.0,1
1511.0,0.0,0.0,1
1512.0,0.0,0.0,1
1513.0,0.0,0.0,1
1514.0,0.0,0.0,1
1515.0,0.0,0.0,1
1516.0,0.0,0.0,1
1517.0,0.0,0.0,1
1518.0,0.0,0.0,1
1519.0,0.0,0.0,1
1520.0,0.0,0.0,2
1521.0,0.0,0.0,1
1522.0,0.0,0.0,1
1523.0,0.0,0.0,1
1524.0,0.0,0.0,1
1525.0,0.0,0.0,1
1526.0,0.0,0.0,1
1527.0,0.0,0.0,1
1528.0,0.0,0.0,1
1529.0,0.0,0.0,1
1530.0,0.0,0.0,1
1531.0,0.0,0.0,1
1532.0,0.0,0.0,1
1533.0,0.0,0.0,1
1534.0,0.0,0.0,1
1535.0,0.0,0.0,1
1536.0,0.0,0.0,1
1537.0,0.0,0.0,1
1538.0,0.0,0.0,1
1539.0,0.0,0.0,1
1540.0,0.0,0.0,1
1541.0,0.0,0.0,1
1542.0,0.0,0.0,1
1543.0,0.0,0.0,2
